{
  "project_info": {
    "project_number": "641407061420",
    "project_id": "food-for-thought-14c42",
    "storage_bucket": "food-for-thought-14c42.appspot.com"
  },
  "client": [
    {
      "client_info": {
        "mobilesdk_app_id": "1:641407061420:android:f818905b02a0cd918cfe09",
        "android_client_info": {
          "package_name": "com.example.food_for_thought"
        }
      },
      "oauth_client": [],
      "api_key": [
        {
          "current_key": "AIzaSyA8Od3zkhk1qrc7WWgaQ0ntRDttq4LQs4Q"
        }
      ],
      "services": {
        "appinvite_service": {
          "other_platform_oauth_client": []
        }
      }
    },
    {
      "client_info": {
        "mobilesdk_app_id": "1:641407061420:android:db810f763eb8f26b8cfe09",
        "android_client_info": {
          "package_name": "com.example.myprot"
        }
      },
      "oauth_client": [],
      "api_key": [
        {
          "current_key": "AIzaSyA8Od3zkhk1qrc7WWgaQ0ntRDttq4LQs4Q"
        }
      ],
      "services": {
        "appinvite_service": {
          "other_platform_oauth_client": []
        }
      }
    }
  ],
  "configuration_version": "1"
}